symbol	default_version
_Exit	LIBC
_Fork	LIBC_V
_Unwind_Backtrace	LIBC_R
_Unwind_DeleteException	LIBC_R
_Unwind_FindEnclosingFunction	LIBC_R
_Unwind_Find_FDE	LIBC_R
_Unwind_ForcedUnwind	LIBC_R
_Unwind_GetCFA	LIBC_R
_Unwind_GetDataRelBase	LIBC_R
_Unwind_GetGR	LIBC_R
_Unwind_GetIP	LIBC_R
_Unwind_GetIPInfo	LIBC_R
_Unwind_GetLanguageSpecificData	LIBC_R
_Unwind_GetRegionStart	LIBC_R
_Unwind_GetTextRelBase	LIBC_R
_Unwind_RaiseException	LIBC_R
_Unwind_Resume	LIBC_R
_Unwind_Resume_or_Rethrow	LIBC_R
_Unwind_SetGR	LIBC_R
_Unwind_SetIP	LIBC_R
__FD_CLR_chk	LIBC
__FD_ISSET_chk	LIBC
__FD_SET_chk	LIBC
__assert	LIBC
__assert2	LIBC
__b64_ntop	LIBC
__b64_pton	LIBC
__cmsg_nxthdr	LIBC
__ctype_get_mb_cur_max	LIBC
__cxa_atexit	LIBC
__cxa_finalize	LIBC
__cxa_thread_atexit_impl	LIBC
__deregister_frame	LIBC_R
__dn_comp	LIBC
__dn_count_labels	LIBC
__dn_skipname	LIBC
__errno	LIBC
__fbufsize	LIBC
__fgets_chk	LIBC
__flbf	LIBC
__fp_nquery	LIBC
__fp_query	LIBC
__fpclassify	LIBC
__fpclassifyd	LIBC
__fpclassifyf	LIBC
__fpclassifyl	LIBC
__fpending	LIBC
__fpurge	LIBC
__fread_chk	LIBC_N
__freadable	LIBC
__freadahead	LIBC_U
__freading	LIBC_P
__free_hook	LIBC_P
__fseterr	LIBC_P
__fsetlocking	LIBC
__fwritable	LIBC
__fwrite_chk	LIBC_N
__fwriting	LIBC_P
__get_h_errno	LIBC
__getcwd_chk	LIBC_N
__gnu_basename	LIBC
__gnu_strerror_r	LIBC
__hostalias	LIBC
__isfinite	LIBC
__isfinitef	LIBC
__isfinitel	LIBC
__isinf	LIBC
__isinff	LIBC
__isinfl	LIBC
__isnan	LIBC
__isnanf	LIBC
__isnanl	LIBC
__isnormal	LIBC
__isnormalf	LIBC
__isnormall	LIBC
__libc_current_sigrtmax	LIBC
__libc_current_sigrtmin	LIBC
__libc_get_static_tls_bounds	LIBC_S
__libc_init	LIBC
__libc_iterate_dynamic_tls	LIBC_S
__libc_register_dynamic_tls_listeners	LIBC_S
__libc_register_thread_exit_callback	LIBC_S
__loc_aton	LIBC
__loc_ntoa	LIBC
__malloc_hook	LIBC_P
__memalign_hook	LIBC_P
__memchr_chk	LIBC
__memcpy_chk	LIBC
__memmove_chk	LIBC
__mempcpy_chk	LIBC_R
__memrchr_chk	LIBC
__memset_chk	LIBC
__open_2	LIBC
__openat_2	LIBC
__p_cdname	LIBC
__p_cdnname	LIBC
__p_class	LIBC
__p_class_syms	LIBC
__p_fqname	LIBC
__p_fqnname	LIBC
__p_option	LIBC
__p_query	LIBC
__p_rcode	LIBC
__p_secstodate	LIBC
__p_time	LIBC
__p_type	LIBC
__p_type_syms	LIBC
__poll_chk	LIBC
__ppoll64_chk	LIBC
__ppoll_chk	LIBC
__pread64_chk	LIBC
__pread_chk	LIBC
__progname	LIBC
__pthread_cleanup_pop	LIBC
__pthread_cleanup_push	LIBC
__putlong	LIBC
__putshort	LIBC
__pwrite64_chk	LIBC_N
__pwrite_chk	LIBC_N
__read_chk	LIBC
__readlink_chk	LIBC
__readlinkat_chk	LIBC
__realloc_hook	LIBC_P
__recvfrom_chk	LIBC
__register_atfork	LIBC
__register_frame	LIBC_R
__res_close	LIBC
__res_dnok	LIBC
__res_hnok	LIBC
__res_hostalias	LIBC
__res_isourserver	LIBC
__res_mailok	LIBC
__res_nameinquery	LIBC
__res_nclose	LIBC
__res_ninit	LIBC
__res_nmkquery	LIBC
__res_nquery	LIBC
__res_nquerydomain	LIBC
__res_nsearch	LIBC
__res_nsend	LIBC
__res_ownok	LIBC
__res_queriesmatch	LIBC
__res_querydomain	LIBC
__res_randomid	LIBC_Q
__res_send	LIBC
__res_send_setqhook	LIBC
__res_send_setrhook	LIBC
__sF	LIBC
__sched_cpualloc	LIBC
__sched_cpucount	LIBC
__sched_cpufree	LIBC
__sendto_chk	LIBC_O
__snprintf_chk	LIBC
__sprintf_chk	LIBC
__stack_chk_fail	LIBC
__stack_chk_guard	LIBC
__stpcpy_chk	LIBC
__stpncpy_chk	LIBC
__stpncpy_chk2	LIBC
__strcat_chk	LIBC
__strchr_chk	LIBC
__strcpy_chk	LIBC
__strlcat_chk	LIBC
__strlcpy_chk	LIBC
__strlen_chk	LIBC
__strncat_chk	LIBC
__strncpy_chk	LIBC
__strncpy_chk2	LIBC
__strrchr_chk	LIBC
__sym_ntop	LIBC
__sym_ntos	LIBC
__sym_ston	LIBC
__system_properties_init	LIBC_Q
__system_properties_zygote_reload	LIBC_V
__system_property_add	LIBC_PLATFORM
__system_property_area__	LIBC_PLATFORM
__system_property_area_init	LIBC_PLATFORM
__system_property_area_serial	LIBC
__system_property_find	LIBC
__system_property_find_nth	LIBC
__system_property_foreach	LIBC
__system_property_get	LIBC
__system_property_read	LIBC
__system_property_read_callback	LIBC_O
__system_property_serial	LIBC
__system_property_set	LIBC
__system_property_set_filename	LIBC_PLATFORM
__system_property_update	LIBC_PLATFORM
__system_property_wait	LIBC_O
__system_property_wait_any	LIBC_DEPRECATED
__tls_get_addr	LIBC_R
__umask_chk	LIBC
__vsnprintf_chk	LIBC
__vsprintf_chk	LIBC
__write_chk	LIBC_N
_ctype_	LIBC
_exit	LIBC
_flushlbf	LIBC
_getlong	LIBC
_getshort	LIBC
_longjmp	LIBC
_resolv_delete_cache_for_net	LIBC
_resolv_flush_cache_for_net	LIBC
_resolv_set_nameservers_for_net	LIBC
_setjmp	LIBC
_tolower	LIBC
_toupper	LIBC
abort	LIBC
abs	LIBC
accept	LIBC
accept4	LIBC
access	LIBC
acct	LIBC
adjtimex	LIBC_N
alarm	LIBC
aligned_alloc	LIBC_P
alphasort	LIBC
alphasort64	LIBC
android_crash_detail_register	LIBC_V
android_crash_detail_replace_data	LIBC_V
android_crash_detail_replace_name	LIBC_V
android_crash_detail_unregister	LIBC_V
android_fdsan_close_with_tag	LIBC_Q
android_fdsan_create_owner_tag	LIBC_Q
android_fdsan_exchange_owner_tag	LIBC_Q
android_fdsan_get_error_level	LIBC_Q
android_fdsan_get_fd_table	LIBC_PLATFORM
android_fdsan_get_owner_tag	LIBC_Q
android_fdsan_get_tag_type	LIBC_Q
android_fdsan_get_tag_value	LIBC_Q
android_fdsan_set_error_level	LIBC_Q
android_fdtrack_compare_exchange_hook	LIBC_PLATFORM
android_fdtrack_get_enabled	LIBC_PLATFORM
android_fdtrack_set_enabled	LIBC_PLATFORM
android_fdtrack_set_globally_enabled	LIBC_PLATFORM
android_get_device_api_level	LIBC_Q
android_getaddrinfofornet	LIBC_Q
android_getaddrinfofornetcontext	LIBC_PRIVATE
android_gethostbyaddrfornet	LIBC_PRIVATE
android_gethostbyaddrfornetcontext	LIBC_PRIVATE
android_gethostbynamefornet	LIBC_PRIVATE
android_gethostbynamefornetcontext	LIBC_PRIVATE
android_mallopt	LIBC_Q
android_net_res_stats_aggregate	LIBC_PLATFORM
android_net_res_stats_get_info_for_net	LIBC_PLATFORM
android_net_res_stats_get_usable_servers	LIBC_PLATFORM
android_reset_stack_guards	LIBC_S
android_run_on_all_threads	LIBC_PRIVATE
android_set_abort_message	LIBC
android_unsafe_frame_pointer_chase	LIBC_PRIVATE
arc4random	LIBC
arc4random_buf	LIBC
arc4random_uniform	LIBC
asctime	LIBC
asctime_r	LIBC
asprintf	LIBC
at_quick_exit	LIBC
atof	LIBC
atoi	LIBC
atol	LIBC
atoll	LIBC
backtrace	LIBC_T
backtrace_symbols	LIBC_T
backtrace_symbols_fd	LIBC_T
basename	LIBC
bind	LIBC
bindresvport	LIBC
brk	LIBC
bsearch	LIBC
btowc	LIBC
c16rtomb	LIBC
c32rtomb	LIBC
call_once	LIBC_R
calloc	LIBC
capget	LIBC
capset	LIBC
catclose	LIBC_O
catgets	LIBC_O
catopen	LIBC_O
cfgetispeed	LIBC
cfgetospeed	LIBC
cfmakeraw	LIBC
cfsetispeed	LIBC
cfsetospeed	LIBC
cfsetspeed	LIBC
chdir	LIBC
chmod	LIBC
chown	LIBC
chroot	LIBC
clearenv	LIBC
clearerr	LIBC
clearerr_unlocked	LIBC
clock	LIBC
clock_adjtime	LIBC_N
clock_getcpuclockid	LIBC
clock_getres	LIBC
clock_gettime	LIBC
clock_nanosleep	LIBC
clock_settime	LIBC
clone	LIBC
close	LIBC
close_range	LIBC_U
closedir	LIBC
closelog	LIBC
cnd_broadcast	LIBC_R
cnd_destroy	LIBC_R
cnd_init	LIBC_R
cnd_signal	LIBC_R
cnd_timedwait	LIBC_R
cnd_wait	LIBC_R
connect	LIBC
copy_file_range	LIBC_U
creat	LIBC
creat64	LIBC
ctermid	LIBC_O
ctime	LIBC
ctime_r	LIBC
daemon	LIBC
daylight	LIBC
delete_module	LIBC
difftime	LIBC
dirfd	LIBC
dirname	LIBC
div	LIBC
dn_expand	LIBC
dprintf	LIBC
drand48	LIBC
dup	LIBC
dup2	LIBC
dup3	LIBC
duplocale	LIBC
endgrent	LIBC_O
endhostent	LIBC_P
endmntent	LIBC
endnetent	LIBC_P
endprotoent	LIBC_P
endpwent	LIBC_O
endservent	LIBC
endutent	LIBC
environ	LIBC
epoll_create	LIBC
epoll_create1	LIBC
epoll_ctl	LIBC
epoll_pwait	LIBC
epoll_pwait2	LIBC_V
epoll_pwait2_64	LIBC_V
epoll_pwait64	LIBC_P
epoll_wait	LIBC
erand48	LIBC
err	LIBC
error	LIBC
error_at_line	LIBC
error_message_count	LIBC
error_one_per_line	LIBC
error_print_progname	LIBC
errx	LIBC
ether_aton	LIBC
ether_aton_r	LIBC
ether_ntoa	LIBC
ether_ntoa_r	LIBC
eventfd	LIBC
eventfd_read	LIBC
eventfd_write	LIBC
execl	LIBC
execle	LIBC
execlp	LIBC
execv	LIBC
execve	LIBC
execvp	LIBC
execvpe	LIBC
exit	LIBC
faccessat	LIBC
fallocate	LIBC
fallocate64	LIBC
fchdir	LIBC
fchmod	LIBC
fchmodat	LIBC
fchown	LIBC
fchownat	LIBC
fclose	LIBC
fcntl	LIBC
fdatasync	LIBC
fdopen	LIBC
fdopendir	LIBC
feof	LIBC
feof_unlocked	LIBC
ferror	LIBC
ferror_unlocked	LIBC
fexecve	LIBC_P
fflush	LIBC
fflush_unlocked	LIBC_P
ffs	LIBC
ffsl	LIBC_S
ffsll	LIBC_S
fgetc	LIBC
fgetc_unlocked	LIBC_P
fgetln	LIBC
fgetpos	LIBC
fgetpos64	LIBC_N
fgets	LIBC
fgets_unlocked	LIBC_P
fgetwc	LIBC
fgetws	LIBC
fgetxattr	LIBC
fileno	LIBC
fileno_unlocked	LIBC_N
flistxattr	LIBC
flock	LIBC
flockfile	LIBC
fmemopen	LIBC
fnmatch	LIBC
fopen	LIBC
fopen64	LIBC_N
fork	LIBC
forkpty	LIBC
fpathconf	LIBC
fprintf	LIBC
fpurge	LIBC
fputc	LIBC
fputc_unlocked	LIBC_P
fputs	LIBC
fputs_unlocked	LIBC_P
fputwc	LIBC
fputws	LIBC
fread	LIBC
fread_unlocked	LIBC_P
free	LIBC
freeaddrinfo	LIBC
freeifaddrs	LIBC_N
freelocale	LIBC
fremovexattr	LIBC
freopen	LIBC
freopen64	LIBC_N
fscanf	LIBC
fseek	LIBC
fseeko	LIBC
fseeko64	LIBC_N
fsetpos	LIBC
fsetpos64	LIBC_N
fsetxattr	LIBC
fstat	LIBC
fstat64	LIBC
fstatat	LIBC
fstatat64	LIBC
fstatfs	LIBC
fstatfs64	LIBC
fstatvfs	LIBC
fstatvfs64	LIBC
fsync	LIBC
ftell	LIBC
ftello	LIBC
ftello64	LIBC_N
ftok	LIBC
ftruncate	LIBC
ftruncate64	LIBC
ftrylockfile	LIBC
fts_children	LIBC
fts_close	LIBC
fts_open	LIBC
fts_read	LIBC
fts_set	LIBC
ftw	LIBC
ftw64	LIBC
funlockfile	LIBC
funopen	LIBC
funopen64	LIBC_N
futimens	LIBC
futimes	LIBC_O
futimesat	LIBC_O
fwide	LIBC
fwprintf	LIBC
fwrite	LIBC
fwrite_unlocked	LIBC_P
fwscanf	LIBC
gai_strerror	LIBC
get_avphys_pages	LIBC
get_nprocs	LIBC
get_nprocs_conf	LIBC
get_phys_pages	LIBC
getaddrinfo	LIBC
getauxval	LIBC
getc	LIBC
getc_unlocked	LIBC
getchar	LIBC
getchar_unlocked	LIBC
getcwd	LIBC
getdelim	LIBC
getdomainname	LIBC_O
getegid	LIBC
getentropy	LIBC_P
getenv	LIBC
geteuid	LIBC
getgid	LIBC
getgrent	LIBC_O
getgrgid	LIBC
getgrgid_r	LIBC_N
getgrnam	LIBC
getgrnam_r	LIBC_N
getgrouplist	LIBC
getgroups	LIBC
gethostbyaddr	LIBC
gethostbyaddr_r	LIBC
gethostbyname	LIBC
gethostbyname2	LIBC
gethostbyname2_r	LIBC
gethostbyname_r	LIBC
gethostent	LIBC
gethostname	LIBC
getifaddrs	LIBC_N
getitimer	LIBC
getline	LIBC
getloadavg	LIBC_Q
getlogin	LIBC
getlogin_r	LIBC_P
getmntent	LIBC
getmntent_r	LIBC
getnameinfo	LIBC
getnetbyaddr	LIBC
getnetbyname	LIBC
getnetent	LIBC_P
getopt	LIBC
getopt_long	LIBC
getopt_long_only	LIBC
getpagesize	LIBC
getpeername	LIBC
getpgid	LIBC
getpgrp	LIBC
getpid	LIBC
getppid	LIBC
getpriority	LIBC
getprogname	LIBC
getprotobyname	LIBC
getprotobynumber	LIBC
getprotoent	LIBC_P
getpt	LIBC
getpwent	LIBC_O
getpwnam	LIBC
getpwnam_r	LIBC
getpwuid	LIBC
getpwuid_r	LIBC
getrandom	LIBC_P
getresgid	LIBC
getresuid	LIBC
getrlimit	LIBC
getrlimit64	LIBC
getrusage	LIBC
gets	LIBC
getservbyname	LIBC
getservbyport	LIBC
getservent	LIBC
getsid	LIBC
getsockname	LIBC
getsockopt	LIBC
getsubopt	LIBC_O
gettid	LIBC
gettimeofday	LIBC
getuid	LIBC
getutent	LIBC
getwc	LIBC
getwchar	LIBC
getxattr	LIBC
glob	LIBC_P
globfree	LIBC_P
gmtime	LIBC
gmtime_r	LIBC
grantpt	LIBC
hasmntopt	LIBC_O
hcreate	LIBC_P
hcreate_r	LIBC_P
hdestroy	LIBC_P
hdestroy_r	LIBC_P
herror	LIBC
hsearch	LIBC_P
hsearch_r	LIBC_P
hstrerror	LIBC
htonl	LIBC
htons	LIBC
iconv	LIBC_P
iconv_close	LIBC_P
iconv_open	LIBC_P
if_freenameindex	LIBC_N
if_indextoname	LIBC
if_nameindex	LIBC_N
if_nametoindex	LIBC
imaxabs	LIBC
imaxdiv	LIBC
in6addr_any	LIBC_N
in6addr_loopback	LIBC_N
inet_addr	LIBC
inet_aton	LIBC
inet_lnaof	LIBC
inet_makeaddr	LIBC
inet_netof	LIBC
inet_network	LIBC
inet_nsap_addr	LIBC
inet_nsap_ntoa	LIBC
inet_ntoa	LIBC
inet_ntop	LIBC
inet_pton	LIBC
init_module	LIBC
initgroups	LIBC
initstate	LIBC
inotify_add_watch	LIBC
inotify_init	LIBC
inotify_init1	LIBC
inotify_rm_watch	LIBC
insque	LIBC
ioctl	LIBC
isalnum	LIBC
isalnum_l	LIBC
isalpha	LIBC
isalpha_l	LIBC
isascii	LIBC
isatty	LIBC
isblank	LIBC
isblank_l	LIBC
iscntrl	LIBC
iscntrl_l	LIBC
isdigit	LIBC
isdigit_l	LIBC
isfinite	LIBC
isfinitef	LIBC
isfinitel	LIBC
isgraph	LIBC
isgraph_l	LIBC
isinf	LIBC
isinff	LIBC
isinfl	LIBC
islower	LIBC
islower_l	LIBC
isnan	LIBC
isnanf	LIBC
isnanl	LIBC
isnormal	LIBC
isnormalf	LIBC
isnormall	LIBC
isprint	LIBC
isprint_l	LIBC
ispunct	LIBC
ispunct_l	LIBC
isspace	LIBC
isspace_l	LIBC
isupper	LIBC
isupper_l	LIBC
iswalnum	LIBC
iswalnum_l	LIBC
iswalpha	LIBC
iswalpha_l	LIBC
iswblank	LIBC
iswblank_l	LIBC
iswcntrl	LIBC
iswcntrl_l	LIBC
iswctype	LIBC
iswctype_l	LIBC
iswdigit	LIBC
iswdigit_l	LIBC
iswgraph	LIBC
iswgraph_l	LIBC
iswlower	LIBC
iswlower_l	LIBC
iswprint	LIBC
iswprint_l	LIBC
iswpunct	LIBC
iswpunct_l	LIBC
iswspace	LIBC
iswspace_l	LIBC
iswupper	LIBC
iswupper_l	LIBC
iswxdigit	LIBC
iswxdigit_l	LIBC
isxdigit	LIBC
isxdigit_l	LIBC
jrand48	LIBC
kill	LIBC
killpg	LIBC
klogctl	LIBC
labs	LIBC
lchmod	LIBC_36
lchown	LIBC
lcong48	LIBC
ldexp	LIBC
ldiv	LIBC
lfind	LIBC
lgetxattr	LIBC
link	LIBC
linkat	LIBC
listen	LIBC
listxattr	LIBC
llabs	LIBC
lldiv	LIBC
llistxattr	LIBC
localeconv	LIBC
localtime	LIBC
localtime_r	LIBC
localtime_rz	LIBC_V
lockf	LIBC_N
lockf64	LIBC_N
login_tty	LIBC
longjmp	LIBC
lrand48	LIBC
lremovexattr	LIBC
lsearch	LIBC
lseek	LIBC
lseek64	LIBC
lsetxattr	LIBC
lstat	LIBC
lstat64	LIBC
lutimes	LIBC_O
madvise	LIBC
mallinfo	LIBC
malloc	LIBC
malloc_backtrace	LIBC_Q
malloc_disable	LIBC_Q
malloc_enable	LIBC_Q
malloc_info	LIBC
malloc_iterate	LIBC_Q
malloc_usable_size	LIBC
mallopt	LIBC_O
mblen	LIBC_O
mbrlen	LIBC
mbrtoc16	LIBC
mbrtoc32	LIBC
mbrtowc	LIBC
mbsinit	LIBC
mbsnrtowcs	LIBC
mbsrtowcs	LIBC
mbsrtowcs_l	LIBC_V
mbstowcs	LIBC
mbtowc	LIBC
memalign	LIBC
memccpy	LIBC
memchr	LIBC
memcmp	LIBC
memcpy	LIBC
memfd_create	LIBC_R
memmem	LIBC
memmove	LIBC
mempcpy	LIBC
memrchr	LIBC
memset	LIBC
memset_explicit	LIBC_U
mincore	LIBC
mkdir	LIBC
mkdirat	LIBC
mkdtemp	LIBC
mkfifo	LIBC
mkfifoat	LIBC
mknod	LIBC
mknodat	LIBC
mkostemp	LIBC
mkostemp64	LIBC
mkostemps	LIBC
mkostemps64	LIBC
mkstemp	LIBC
mkstemp64	LIBC
mkstemps	LIBC
mkstemps64	LIBC
mktemp	LIBC
mktime	LIBC
mktime_z	LIBC_V
mlock	LIBC
mlock2	LIBC_R
mlockall	LIBC
mmap	LIBC
mmap64	LIBC
mount	LIBC
mprotect	LIBC
mrand48	LIBC
mremap	LIBC
mseal	LIBC_36
msgctl	LIBC_O
msgget	LIBC_O
msgrcv	LIBC_O
msgsnd	LIBC_O
msync	LIBC
mtx_destroy	LIBC_R
mtx_init	LIBC_R
mtx_lock	LIBC_R
mtx_timedlock	LIBC_R
mtx_trylock	LIBC_R
mtx_unlock	LIBC_R
munlock	LIBC
munlockall	LIBC
munmap	LIBC
nanosleep	LIBC
newlocale	LIBC
nftw	LIBC
nftw64	LIBC
nice	LIBC
nl_langinfo	LIBC_O
nl_langinfo_l	LIBC_O
nrand48	LIBC
ns_format_ttl	LIBC
ns_get16	LIBC
ns_get32	LIBC
ns_initparse	LIBC
ns_makecanon	LIBC
ns_msg_getflag	LIBC
ns_name_compress	LIBC
ns_name_ntol	LIBC
ns_name_ntop	LIBC
ns_name_pack	LIBC
ns_name_pton	LIBC
ns_name_rollback	LIBC
ns_name_skip	LIBC
ns_name_uncompress	LIBC
ns_name_unpack	LIBC
ns_parserr	LIBC
ns_put16	LIBC
ns_put32	LIBC
ns_samename	LIBC
ns_skiprr	LIBC
ns_sprintrr	LIBC
ns_sprintrrf	LIBC
nsdispatch	LIBC
ntohl	LIBC
ntohs	LIBC
open	LIBC
open64	LIBC
open_memstream	LIBC
open_wmemstream	LIBC
openat	LIBC
openat64	LIBC
opendir	LIBC
openlog	LIBC
openpty	LIBC
optarg	LIBC
opterr	LIBC
optind	LIBC
optopt	LIBC
optreset	LIBC
pathconf	LIBC
pause	LIBC
pclose	LIBC
perror	LIBC
personality	LIBC
pidfd_getfd	LIBC_S
pidfd_open	LIBC_S
pidfd_send_signal	LIBC_S
pipe	LIBC
pipe2	LIBC
poll	LIBC
popen	LIBC
posix_fadvise	LIBC
posix_fadvise64	LIBC
posix_fallocate	LIBC
posix_fallocate64	LIBC
posix_madvise	LIBC
posix_memalign	LIBC
posix_openpt	LIBC
posix_spawn	LIBC_P
posix_spawn_file_actions_addchdir_np	LIBC_U
posix_spawn_file_actions_addclose	LIBC_P
posix_spawn_file_actions_adddup2	LIBC_P
posix_spawn_file_actions_addfchdir_np	LIBC_U
posix_spawn_file_actions_addopen	LIBC_P
posix_spawn_file_actions_destroy	LIBC_P
posix_spawn_file_actions_init	LIBC_P
posix_spawnattr_destroy	LIBC_P
posix_spawnattr_getflags	LIBC_P
posix_spawnattr_getpgroup	LIBC_P
posix_spawnattr_getschedparam	LIBC_P
posix_spawnattr_getschedpolicy	LIBC_P
posix_spawnattr_getsigdefault	LIBC_P
posix_spawnattr_getsigdefault64	LIBC_P
posix_spawnattr_getsigmask	LIBC_P
posix_spawnattr_getsigmask64	LIBC_P
posix_spawnattr_init	LIBC_P
posix_spawnattr_setflags	LIBC_P
posix_spawnattr_setpgroup	LIBC_P
posix_spawnattr_setschedparam	LIBC_P
posix_spawnattr_setschedpolicy	LIBC_P
posix_spawnattr_setsigdefault	LIBC_P
posix_spawnattr_setsigdefault64	LIBC_P
posix_spawnattr_setsigmask	LIBC_P
posix_spawnattr_setsigmask64	LIBC_P
posix_spawnp	LIBC_P
ppoll	LIBC
ppoll64	LIBC_P
prctl	LIBC
pread	LIBC
pread64	LIBC
preadv	LIBC_N
preadv2	LIBC_T
preadv64	LIBC_N
preadv64v2	LIBC_T
printf	LIBC
prlimit	LIBC
prlimit64	LIBC
process_madvise	LIBC_S
process_vm_readv	LIBC
process_vm_writev	LIBC
pselect	LIBC
pselect64	LIBC_P
psiginfo	LIBC
psignal	LIBC
pthread_atfork	LIBC
pthread_attr_destroy	LIBC
pthread_attr_getdetachstate	LIBC
pthread_attr_getguardsize	LIBC
pthread_attr_getinheritsched	LIBC_P
pthread_attr_getschedparam	LIBC
pthread_attr_getschedpolicy	LIBC
pthread_attr_getscope	LIBC
pthread_attr_getstack	LIBC
pthread_attr_getstacksize	LIBC
pthread_attr_init	LIBC
pthread_attr_setdetachstate	LIBC
pthread_attr_setguardsize	LIBC
pthread_attr_setinheritsched	LIBC_P
pthread_attr_setschedparam	LIBC
pthread_attr_setschedpolicy	LIBC
pthread_attr_setscope	LIBC
pthread_attr_setstack	LIBC
pthread_attr_setstacksize	LIBC
pthread_barrier_destroy	LIBC_N
pthread_barrier_init	LIBC_N
pthread_barrier_wait	LIBC_N
pthread_barrierattr_destroy	LIBC_N
pthread_barrierattr_getpshared	LIBC_N
pthread_barrierattr_init	LIBC_N
pthread_barrierattr_setpshared	LIBC_N
pthread_cond_broadcast	LIBC
pthread_cond_clockwait	LIBC_R
pthread_cond_destroy	LIBC
pthread_cond_init	LIBC
pthread_cond_signal	LIBC
pthread_cond_timedwait	LIBC
pthread_cond_timedwait_monotonic_np	LIBC
pthread_cond_wait	LIBC
pthread_condattr_destroy	LIBC
pthread_condattr_getclock	LIBC
pthread_condattr_getpshared	LIBC
pthread_condattr_init	LIBC
pthread_condattr_setclock	LIBC
pthread_condattr_setpshared	LIBC
pthread_create	LIBC
pthread_detach	LIBC
pthread_equal	LIBC
pthread_exit	LIBC
pthread_getaffinity_np	LIBC_36
pthread_getattr_np	LIBC
pthread_getcpuclockid	LIBC
pthread_getname_np	LIBC_O
pthread_getschedparam	LIBC
pthread_getspecific	LIBC
pthread_gettid_np	LIBC
pthread_join	LIBC
pthread_key_create	LIBC
pthread_key_delete	LIBC
pthread_kill	LIBC
pthread_mutex_clocklock	LIBC_R
pthread_mutex_destroy	LIBC
pthread_mutex_init	LIBC
pthread_mutex_lock	LIBC
pthread_mutex_timedlock	LIBC
pthread_mutex_timedlock_monotonic_np	LIBC_P
pthread_mutex_trylock	LIBC
pthread_mutex_unlock	LIBC
pthread_mutexattr_destroy	LIBC
pthread_mutexattr_getprotocol	LIBC_P
pthread_mutexattr_getpshared	LIBC
pthread_mutexattr_gettype	LIBC
pthread_mutexattr_init	LIBC
pthread_mutexattr_setprotocol	LIBC_P
pthread_mutexattr_setpshared	LIBC
pthread_mutexattr_settype	LIBC
pthread_once	LIBC
pthread_rwlock_clockrdlock	LIBC_R
pthread_rwlock_clockwrlock	LIBC_R
pthread_rwlock_destroy	LIBC
pthread_rwlock_init	LIBC
pthread_rwlock_rdlock	LIBC
pthread_rwlock_timedrdlock	LIBC
pthread_rwlock_timedrdlock_monotonic_np	LIBC_P
pthread_rwlock_timedwrlock	LIBC
pthread_rwlock_timedwrlock_monotonic_np	LIBC_P
pthread_rwlock_tryrdlock	LIBC
pthread_rwlock_trywrlock	LIBC
pthread_rwlock_unlock	LIBC
pthread_rwlock_wrlock	LIBC
pthread_rwlockattr_destroy	LIBC
pthread_rwlockattr_getkind_np	LIBC
pthread_rwlockattr_getpshared	LIBC
pthread_rwlockattr_init	LIBC
pthread_rwlockattr_setkind_np	LIBC
pthread_rwlockattr_setpshared	LIBC
pthread_self	LIBC
pthread_setaffinity_np	LIBC_36
pthread_setname_np	LIBC
pthread_setschedparam	LIBC
pthread_setschedprio	LIBC_P
pthread_setspecific	LIBC
pthread_sigmask	LIBC
pthread_sigmask64	LIBC_P
pthread_sigqueue	LIBC_Q
pthread_spin_destroy	LIBC_N
pthread_spin_init	LIBC_N
pthread_spin_lock	LIBC_N
pthread_spin_trylock	LIBC_N
pthread_spin_unlock	LIBC_N
ptrace	LIBC
ptsname	LIBC
ptsname_r	LIBC
putc	LIBC
putc_unlocked	LIBC
putchar	LIBC
putchar_unlocked	LIBC
putenv	LIBC
puts	LIBC
pututline	LIBC
putwc	LIBC
putwchar	LIBC
pwrite	LIBC
pwrite64	LIBC
pwritev	LIBC_N
pwritev2	LIBC_T
pwritev64	LIBC_N
pwritev64v2	LIBC_T
qsort	LIBC
qsort_r	LIBC_36
quick_exit	LIBC
quotactl	LIBC_O
raise	LIBC
rand	LIBC
rand_r	LIBC
random	LIBC
read	LIBC
readahead	LIBC
readdir	LIBC
readdir64	LIBC
readdir64_r	LIBC
readdir_r	LIBC
readlink	LIBC
readlinkat	LIBC
readv	LIBC
realloc	LIBC
reallocarray	LIBC_Q
realpath	LIBC
reboot	LIBC
recv	LIBC
recvfrom	LIBC
recvmmsg	LIBC
recvmsg	LIBC
regcomp	LIBC
regerror	LIBC
regexec	LIBC
regfree	LIBC
remove	LIBC
removexattr	LIBC
remque	LIBC
rename	LIBC
renameat	LIBC
renameat2	LIBC_R
res_init	LIBC
res_mkquery	LIBC
res_query	LIBC
res_search	LIBC
rewind	LIBC
rewinddir	LIBC
rmdir	LIBC
sbrk	LIBC
scandir	LIBC
scandir64	LIBC
scandirat	LIBC_N
scandirat64	LIBC_N
scanf	LIBC
sched_get_priority_max	LIBC
sched_get_priority_min	LIBC
sched_getaffinity	LIBC
sched_getattr	LIBC_37
sched_getcpu	LIBC
sched_getparam	LIBC
sched_getscheduler	LIBC
sched_rr_get_interval	LIBC
sched_setaffinity	LIBC
sched_setattr	LIBC_37
sched_setparam	LIBC
sched_setscheduler	LIBC
sched_yield	LIBC
seed48	LIBC
seekdir	LIBC
select	LIBC
sem_clockwait	LIBC_R
sem_close	LIBC
sem_destroy	LIBC
sem_getvalue	LIBC
sem_init	LIBC
sem_open	LIBC
sem_post	LIBC
sem_timedwait	LIBC
sem_timedwait_monotonic_np	LIBC_P
sem_trywait	LIBC
sem_unlink	LIBC
sem_wait	LIBC
semctl	LIBC_O
semget	LIBC_O
semop	LIBC_O
semtimedop	LIBC_O
send	LIBC
sendfile	LIBC
sendfile64	LIBC
sendmmsg	LIBC
sendmsg	LIBC
sendto	LIBC
setbuf	LIBC
setbuffer	LIBC
setdomainname	LIBC_O
setegid	LIBC
setenv	LIBC
seteuid	LIBC
setfsgid	LIBC
setfsuid	LIBC
setgid	LIBC
setgrent	LIBC_O
setgroups	LIBC
sethostent	LIBC_P
sethostname	LIBC
setitimer	LIBC
setjmp	LIBC
setlinebuf	LIBC
setlocale	LIBC
setlogmask	LIBC
setmntent	LIBC
setnetent	LIBC_P
setns	LIBC
setpgid	LIBC
setpgrp	LIBC
setpriority	LIBC
setprogname	LIBC
setprotoent	LIBC_P
setpwent	LIBC_O
setregid	LIBC
setresgid	LIBC
setresuid	LIBC
setreuid	LIBC
setrlimit	LIBC
setrlimit64	LIBC
setservent	LIBC
setsid	LIBC
setsockopt	LIBC
setstate	LIBC
settimeofday	LIBC
setuid	LIBC
setutent	LIBC
setvbuf	LIBC
setxattr	LIBC
shmat	LIBC_O
shmctl	LIBC_O
shmdt	LIBC_O
shmget	LIBC_O
shutdown	LIBC
sig2str	LIBC_36
sigaction	LIBC
sigaction64	LIBC_P
sigaddset	LIBC
sigaddset64	LIBC_P
sigaltstack	LIBC
sigblock	LIBC
sigdelset	LIBC
sigdelset64	LIBC_P
sigemptyset	LIBC
sigemptyset64	LIBC_P
sigfillset	LIBC
sigfillset64	LIBC_P
sighold	LIBC_O
sigignore	LIBC_O
siginterrupt	LIBC
sigismember	LIBC
sigismember64	LIBC_P
siglongjmp	LIBC
signal	LIBC
signalfd	LIBC
signalfd64	LIBC_P
sigpause	LIBC_O
sigpending	LIBC
sigpending64	LIBC_P
sigprocmask	LIBC
sigprocmask64	LIBC_P
sigqueue	LIBC
sigrelse	LIBC_O
sigset	LIBC_O
sigsetjmp	LIBC
sigsetmask	LIBC
sigsuspend	LIBC
sigsuspend64	LIBC_P
sigtimedwait	LIBC
sigtimedwait64	LIBC_P
sigwait	LIBC
sigwait64	LIBC_P
sigwaitinfo	LIBC
sigwaitinfo64	LIBC_P
sleep	LIBC
snprintf	LIBC
socket	LIBC
socketpair	LIBC
splice	LIBC
sprintf	LIBC
srand	LIBC
srand48	LIBC
srandom	LIBC
sscanf	LIBC
stat	LIBC
stat64	LIBC
statfs	LIBC
statfs64	LIBC
statvfs	LIBC
statvfs64	LIBC
statx	LIBC_R
stderr	LIBC
stdin	LIBC
stdout	LIBC
stpcpy	LIBC
stpncpy	LIBC
str2sig	LIBC_36
strcasecmp	LIBC
strcasecmp_l	LIBC
strcasestr	LIBC
strcat	LIBC
strchr	LIBC
strchrnul	LIBC_N
strcmp	LIBC
strcoll	LIBC
strcoll_l	LIBC
strcpy	LIBC
strcspn	LIBC
strdup	LIBC
strerror	LIBC
strerror_l	LIBC
strerror_r	LIBC
strerrorname_np	LIBC_V
strftime	LIBC
strftime_l	LIBC
strlcat	LIBC
strlcpy	LIBC
strlen	LIBC
strncasecmp	LIBC
strncasecmp_l	LIBC
strncat	LIBC
strncmp	LIBC
strncpy	LIBC
strndup	LIBC
strnlen	LIBC
strpbrk	LIBC
strptime	LIBC
strptime_l	LIBC_P
strrchr	LIBC
strsep	LIBC
strsignal	LIBC
strspn	LIBC
strstr	LIBC
strtod	LIBC
strtod_l	LIBC_O
strtof	LIBC
strtof_l	LIBC_O
strtoimax	LIBC
strtok	LIBC
strtok_r	LIBC
strtol	LIBC
strtol_l	LIBC_O
strtold	LIBC
strtold_l	LIBC
strtoll	LIBC
strtoll_l	LIBC
strtoul	LIBC
strtoul_l	LIBC_O
strtoull	LIBC
strtoull_l	LIBC
strtoumax	LIBC
strxfrm	LIBC
strxfrm_l	LIBC
swab	LIBC_P
swapoff	LIBC
swapon	LIBC
swprintf	LIBC
swscanf	LIBC
symlink	LIBC
symlinkat	LIBC
sync	LIBC
sync_file_range	LIBC_O
syncfs	LIBC_P
sys_siglist	LIBC
sys_signame	LIBC
syscall	LIBC
sysconf	LIBC
sysinfo	LIBC
syslog	LIBC
system	LIBC
tcdrain	LIBC
tcflow	LIBC
tcflush	LIBC
tcgetattr	LIBC
tcgetpgrp	LIBC
tcgetsid	LIBC
tcgetwinsize	LIBC_V
tcsendbreak	LIBC
tcsetattr	LIBC
tcsetpgrp	LIBC
tcsetwinsize	LIBC_V
tdelete	LIBC
tdestroy	LIBC
tee	LIBC
telldir	LIBC
tempnam	LIBC
tfind	LIBC
tgkill	LIBC
thrd_create	LIBC_R
thrd_current	LIBC_R
thrd_detach	LIBC_R
thrd_equal	LIBC_R
thrd_exit	LIBC_R
thrd_join	LIBC_R
thrd_sleep	LIBC_R
thrd_yield	LIBC_R
time	LIBC
timegm	LIBC
timelocal	LIBC
timer_create	LIBC
timer_delete	LIBC
timer_getoverrun	LIBC
timer_gettime	LIBC
timer_settime	LIBC
timerfd_create	LIBC
timerfd_gettime	LIBC
timerfd_settime	LIBC
times	LIBC
timespec_get	LIBC_Q
timespec_getres	LIBC_V
timezone	LIBC
tmpfile	LIBC
tmpfile64	LIBC_N
tmpnam	LIBC
toascii	LIBC
tolower	LIBC
tolower_l	LIBC
toupper	LIBC
toupper_l	LIBC
towctrans	LIBC_O
towctrans_l	LIBC_O
towlower	LIBC
towlower_l	LIBC
towupper	LIBC
towupper_l	LIBC
truncate	LIBC
truncate64	LIBC
tsearch	LIBC
tss_create	LIBC_R
tss_delete	LIBC_R
tss_get	LIBC_R
tss_set	LIBC_R
ttyname	LIBC
ttyname_r	LIBC
twalk	LIBC
tzalloc	LIBC_V
tzfree	LIBC_V
tzname	LIBC
tzset	LIBC
umask	LIBC
umount	LIBC
umount2	LIBC
uname	LIBC
ungetc	LIBC
ungetwc	LIBC
unlink	LIBC
unlinkat	LIBC
unlockpt	LIBC
unsetenv	LIBC
unshare	LIBC
uselocale	LIBC
usleep	LIBC
utime	LIBC
utimensat	LIBC
utimes	LIBC
utmpname	LIBC
vasprintf	LIBC
vdprintf	LIBC
verr	LIBC
verrx	LIBC
vfork	LIBC
vfprintf	LIBC
vfscanf	LIBC
vfwprintf	LIBC
vfwscanf	LIBC
vmsplice	LIBC
vprintf	LIBC
vscanf	LIBC
vsnprintf	LIBC
vsprintf	LIBC
vsscanf	LIBC
vswprintf	LIBC
vswscanf	LIBC
vsyslog	LIBC
vwarn	LIBC
vwarnx	LIBC
vwprintf	LIBC
vwscanf	LIBC
wait	LIBC
wait4	LIBC
waitid	LIBC
waitpid	LIBC
warn	LIBC
warnx	LIBC
wcpcpy	LIBC
wcpncpy	LIBC
wcrtomb	LIBC
wcscasecmp	LIBC
wcscasecmp_l	LIBC
wcscat	LIBC
wcschr	LIBC
wcscmp	LIBC
wcscoll	LIBC
wcscoll_l	LIBC
wcscpy	LIBC
wcscspn	LIBC
wcsdup	LIBC
wcsftime	LIBC
wcsftime_l	LIBC_P
wcslcat	LIBC
wcslcpy	LIBC
wcslen	LIBC
wcsncasecmp	LIBC
wcsncasecmp_l	LIBC
wcsncat	LIBC
wcsncmp	LIBC
wcsncpy	LIBC
wcsnlen	LIBC
wcsnrtombs	LIBC
wcspbrk	LIBC
wcsrchr	LIBC
wcsrtombs	LIBC
wcsrtombs_l	LIBC_V
wcsspn	LIBC
wcsstr	LIBC
wcstod	LIBC
wcstod_l	LIBC_P
wcstof	LIBC
wcstof_l	LIBC_P
wcstoimax	LIBC
wcstok	LIBC
wcstol	LIBC
wcstol_l	LIBC_P
wcstold	LIBC
wcstold_l	LIBC
wcstoll	LIBC
wcstoll_l	LIBC
wcstombs	LIBC
wcstoul	LIBC
wcstoul_l	LIBC_P
wcstoull	LIBC
wcstoull_l	LIBC
wcstoumax	LIBC
wcswidth	LIBC
wcsxfrm	LIBC
wcsxfrm_l	LIBC
wctob	LIBC
wctomb	LIBC
wctrans	LIBC_O
wctrans_l	LIBC_O
wctype	LIBC
wctype_l	LIBC
wcwidth	LIBC
wmemchr	LIBC
wmemcmp	LIBC
wmemcpy	LIBC
wmemmove	LIBC
wmempcpy	LIBC
wmemset	LIBC
wprintf	LIBC
write	LIBC
writev	LIBC
wscanf	LIBC
